stage,arm,symbol,timeframe,changes,sharpe,cagr,max_drawdown,profit_factor,trades,exposure,precision,oos_bars,sharpe_ci_low,sharpe_ci_high,deflated_sharpe,benchmark_sharpe,status,seconds
levers,baseline,EURUSD,H1,(reference),-0.2605,-0.02234,-0.1442,0.9896,447,0.9326,0.5104,13731,-1.5168,1.1371,0.0,-0.145,ok,55.2
levers,session filter,EURUSD,H1,"backtest.session_hours=[7, 8, 9, 10, 11, 12, 13, 14, 15, 16]",-1.0969,-0.0825,-0.1871,0.956,407,0.9085,0.5104,13731,-2.27,-0.0532,0.0,-0.145,ok,60.8
levers,top-20 features,EURUSD,H1,model.top_k_features=20,-0.3611,-0.03009,-0.1374,0.9854,360,0.9211,0.5006,13731,-1.5821,1.013,0.0,-0.145,ok,50.9
levers,volatility target 10%,EURUSD,H1,backtest.volatility_target=0.1,-0.1552,-0.02102,-0.1565,0.9939,447,0.917,0.5104,13731,-1.4468,1.3145,0.0,-0.145,ok,61.7
levers,threshold 0.55,EURUSD,H1,model.decision_threshold=0.55,-0.3777,-0.01658,-0.0707,0.9743,162,0.3058,0.5029,13731,-1.6112,0.6715,0.0,-0.145,ok,62.8
levers,horizon 48,EURUSD,H1,labeling.horizon=48; backtest.min_holding_bars=48; validation.embargo_bars=96,-0.3398,-0.02725,-0.1363,0.9861,222,0.869,0.502,13722,-1.629,0.8972,0.0,-0.115,ok,63.2
meta,meta (MA crossover),EURUSD,H1,labeling.method=meta,-0.0375,-0.00608,-0.1022,0.9985,111,0.9403,0.4784,13731,-1.0627,0.9942,0.0,-0.145,ok,64.0
meta,meta + session,EURUSD,H1,"labeling.method=meta; backtest.session_hours=[7, 8, 9, 10, 11, 12, 13, 14, 15, 16]",-0.0282,-0.00531,-0.1078,0.9988,98,0.9262,0.4784,13731,-1.0507,1.0787,0.0,-0.145,ok,64.2
meta,meta + top-20,EURUSD,H1,labeling.method=meta; model.top_k_features=20,0.1303,0.00724,-0.0989,1.0053,92,0.9556,0.4788,13731,-0.8859,1.2156,0.0,-0.145,ok,61.1
meta,meta + session + top-20,EURUSD,H1,"labeling.method=meta; backtest.session_hours=[7, 8, 9, 10, 11, 12, 13, 14, 15, 16]; model.top_k_features=20",0.1206,0.00646,-0.0963,1.0049,90,0.95,0.4788,13731,-0.9335,1.1855,0.0,-0.145,ok,59.7
meta,"meta, Donchian primary",EURUSD,H1,labeling.method=meta; labeling.primary=donchian_breakout,-0.7505,-0.05465,-0.1701,0.9668,205,0.7653,0.4657,13731,-1.8691,0.344,0.0,-0.145,ok,71.8
meta,"meta, ADX-filtered primary",EURUSD,H1,labeling.method=meta; labeling.primary=volatility_filtered_trend,-1.1592,-0.07685,-0.1905,0.9476,236,0.6929,0.4684,13731,-2.1537,-0.1358,0.0,-0.145,ok,52.0
meta,"meta, RSI primary",EURUSD,H1,labeling.method=meta; labeling.primary=rsi_mean_reversion,-0.7098,-0.03821,-0.105,0.9587,216,0.4186,0.537,13716,-1.9921,0.4387,0.0,-0.1508,ok,29.3
tune,meta best + threshold 0.55,EURUSD,H1,"labeling.method=meta; backtest.session_hours=[7, 8, 9, 10, 11, 12, 13, 14, 15, 16]; model.decision_threshold=0.55",-0.0531,-0.00695,-0.1023,0.9978,131,0.8728,0.4761,13731,-1.1296,0.9691,0.0,-0.145,ok,74.6
tune,meta best + threshold 0.60,EURUSD,H1,"labeling.method=meta; backtest.session_hours=[7, 8, 9, 10, 11, 12, 13, 14, 15, 16]; model.decision_threshold=0.6",-0.6156,-0.04472,-0.1333,0.9724,228,0.7577,0.4771,13731,-1.5889,0.3031,0.0,-0.145,ok,76.3
tune,meta best + xgboost,EURUSD,H1,"labeling.method=meta; backtest.session_hours=[7, 8, 9, 10, 11, 12, 13, 14, 15, 16]; model.name=xgboost",-0.2368,-0.02111,-0.0848,0.9904,225,0.9194,0.481,13731,-1.1264,0.7043,0.0,-0.145,ok,36.5
tune,meta best + lightgbm,EURUSD,H1,"labeling.method=meta; backtest.session_hours=[7, 8, 9, 10, 11, 12, 13, 14, 15, 16]; model.name=lightgbm",-0.4916,-0.0395,-0.1264,0.9795,311,0.8685,0.4793,13731,-1.6392,0.6649,0.0,-0.145,ok,30.0
tune,meta best + logistic,EURUSD,H1,"labeling.method=meta; backtest.session_hours=[7, 8, 9, 10, 11, 12, 13, 14, 15, 16]; model.name=logistic",-0.4983,-0.03655,-0.1471,0.9779,143,0.7654,0.4734,13731,-1.7029,0.7303,0.0,-0.145,ok,21.3
tune,meta best + kmeans regimes,EURUSD,H1,"labeling.method=meta; backtest.session_hours=[7, 8, 9, 10, 11, 12, 13, 14, 15, 16]; regime.method=kmeans",0.0328,-0.00053,-0.1009,1.0013,96,0.9296,0.4778,13731,-0.8982,1.0803,0.0,-0.145,ok,73.9
tune,meta best + horizon 48,EURUSD,H1,"labeling.method=meta; backtest.session_hours=[7, 8, 9, 10, 11, 12, 13, 14, 15, 16]; labeling.horizon=48; backtest.min_holding_bars=48; validation.embargo_bars=96",-0.2069,-0.01943,-0.0839,0.9917,91,0.9502,0.479,13722,-1.1385,0.7145,0.0,-0.115,ok,67.3
timeframe,meta on H4,EURUSD,H4,labeling.method=meta; data.timeframe=H4; data.start=2010-01-01; labeling.horizon=12; backtest.min_holding_bars=12; validation.embargo_bars=24,-0.1892,-0.02444,-0.3732,0.9817,108,0.9121,0.4899,8676,-0.9614,0.6627,0.0,-0.4053,ok,40.3
timeframe,meta on D1,EURUSD,D1,labeling.method=meta; data.timeframe=D1; data.start=2005-01-01; labeling.horizon=10; backtest.min_holding_bars=10; validation.embargo_bars=20,-0.1555,-0.02122,-0.2922,0.9613,35,0.7578,0.5041,1767,-0.7236,0.6897,0.0,-0.2366,ok,7.4
timeframe,meta on H4 + session,EURUSD,H4,"labeling.method=meta; data.timeframe=H4; data.start=2010-01-01; labeling.horizon=12; backtest.min_holding_bars=12; validation.embargo_bars=24; backtest.session_hours=[7, 8, 9, 10, 11, 12, 13, 14, 15, 16]",-0.2331,-0.02865,-0.3914,0.9773,98,0.901,0.4899,8676,-1.0556,0.5985,0.0,-0.4053,ok,40.6
consolidate,"meta + top-20, 5 seeds",EURUSD,H1,labeling.method=meta; model.top_k_features=20; model.n_seeds=5,0.066,0.00209,-0.1044,1.0027,93,0.9582,0.4788,13731,-0.9269,1.1553,0.0,-0.145,ok,224.8
consolidate,"meta + top-20, 6 folds",EURUSD,H1,labeling.method=meta; model.top_k_features=20; validation.n_folds=6,-0.1268,-0.01342,-0.1321,0.9949,206,0.9609,0.4849,27462,-0.722,0.4794,0.0,-0.0146,ok,133.3
consolidate,"meta + top-20, from 2016",EURUSD,H1,labeling.method=meta; model.top_k_features=20; data.start=2016-01-01; validation.n_folds=6,-0.2606,-0.0224,-0.2217,0.9897,325,0.9848,0.5003,45318,-0.8805,0.2663,0.0,0.0739,ok,268.0
consolidate,meta + top-20 + vol target,EURUSD,H1,labeling.method=meta; model.top_k_features=20; backtest.volatility_target=0.1,0.2779,0.02475,-0.1304,1.0115,92,0.943,0.4788,13731,-0.7757,1.3304,0.0,-0.145,ok,74.6
consolidate,"meta + top-20, 5 seeds, 6 folds, 2016",EURUSD,H1,labeling.method=meta; model.top_k_features=20; model.n_seeds=5; data.start=2016-01-01; validation.n_folds=6,-0.274,-0.02341,-0.2443,0.9891,329,0.9841,0.5006,45318,-0.9123,0.2773,0.0,0.0739,ok,995.7
holdout,HOLDOUT GBPUSD H1,GBPUSD,H1,data.symbol=GBPUSD; data.timeframe=H1; data.start=2020-01-01; validation.n_folds=3; regime.method=none; model.name=random_forest; evaluation.bootstrap_samples=300; labeling.method=meta; model.top_k_features=20; backtest.volatility_target=0.1,0.7412,0.07825,-0.0925,1.0316,110,0.9483,0.5024,13731,-0.4133,1.6316,0.0,-0.0756,ok,56.0
holdout,HOLDOUT GOLD H1,GOLD,H1,data.symbol=GOLD; data.timeframe=H1; data.start=2020-01-01; validation.n_folds=3; regime.method=none; model.name=random_forest; evaluation.bootstrap_samples=300; labeling.method=meta; model.top_k_features=20; backtest.volatility_target=0.1,0.8543,0.16733,-0.0957,1.0664,90,0.9642,0.5064,13044,-0.3623,1.5345,0.0,1.3666,ok,53.8
holdout,HOLDOUT GBPUSD H1,GBPUSD,H1,data.symbol=GBPUSD; data.timeframe=H1; data.start=2020-01-01; validation.n_folds=3; regime.method=none; model.name=random_forest; evaluation.bootstrap_samples=300; labeling.method=meta; model.top_k_features=20; backtest.volatility_target=0.1,0.7412,0.07825,-0.0925,1.0316,110,0.9483,0.5024,13731,-0.4133,1.6316,0.0,-0.0756,ok,51.0
holdout,HOLDOUT GOLD H1,GOLD,H1,data.symbol=GOLD; data.timeframe=H1; data.start=2020-01-01; validation.n_folds=3; regime.method=none; model.name=random_forest; evaluation.bootstrap_samples=300; labeling.method=meta; model.top_k_features=20; backtest.volatility_target=0.1,0.8543,0.16733,-0.0957,1.0664,90,0.9642,0.5064,13044,-0.3623,1.5345,0.0,1.3666,ok,51.7
holdout,HOLDOUT USDJPY H1,USDJPY,H1,data.symbol=USDJPY; data.timeframe=H1; data.start=2020-01-01; validation.n_folds=3; regime.method=none; model.name=random_forest; evaluation.bootstrap_samples=300; labeling.method=meta; model.top_k_features=20; backtest.volatility_target=0.1,0.5805,0.06383,-0.1291,1.0247,113,0.9656,0.4885,13731,-0.8448,1.754,0.0,1.2496,ok,55.2
holdout,HOLDOUT AUDUSD H1,AUDUSD,H1,data.symbol=AUDUSD; data.timeframe=H1; data.start=2020-01-01; validation.n_folds=3; regime.method=none; model.name=random_forest; evaluation.bootstrap_samples=300; labeling.method=meta; model.top_k_features=20; backtest.volatility_target=0.1,-0.5523,-0.06273,-0.2367,0.9793,107,0.9691,0.4824,13731,-2.1931,0.8405,0.0,-0.479,ok,59.2
holdout,HOLDOUT USDCAD H1,USDCAD,H1,data.symbol=USDCAD; data.timeframe=H1; data.start=2020-01-01; validation.n_folds=3; regime.method=none; model.name=random_forest; evaluation.bootstrap_samples=300; labeling.method=meta; model.top_k_features=20; backtest.volatility_target=0.1,0.1252,0.00788,-0.1174,1.0053,90,0.9735,0.4973,13731,-1.0207,1.179,0.0,0.5878,ok,55.2
holdout,HOLDOUT USDCHF H1,USDCHF,H1,data.symbol=USDCHF; data.timeframe=H1; data.start=2020-01-01; validation.n_folds=3; regime.method=none; model.name=random_forest; evaluation.bootstrap_samples=300; labeling.method=meta; model.top_k_features=20; backtest.volatility_target=0.1,-0.603,-0.08421,-0.2242,0.9728,109,0.9725,0.4836,13731,-1.7205,0.3564,0.0,-0.4767,ok,55.6
holdout,HOLDOUT EURGBP H1,EURGBP,H1,data.symbol=EURGBP; data.timeframe=H1; data.start=2020-01-01; validation.n_folds=3; regime.method=none; model.name=random_forest; evaluation.bootstrap_samples=300; labeling.method=meta; model.top_k_features=20; backtest.volatility_target=0.1,-0.7497,-0.0967,-0.2774,0.9668,105,0.9567,0.5001,13731,-1.7519,0.3634,0.0,-0.0311,ok,54.3
holdout,HOLDOUT GBPJPY H1,GBPJPY,H1,data.symbol=GBPJPY; data.timeframe=H1; data.start=2020-01-01; validation.n_folds=3; regime.method=none; model.name=random_forest; evaluation.bootstrap_samples=300; labeling.method=meta; model.top_k_features=20; backtest.volatility_target=0.1,0.1725,0.01304,-0.1575,1.0066,101,0.9596,0.5001,13731,-0.9648,1.2514,0.0,1.1553,ok,56.0
holdout,HOLDOUT EURJPY H1,EURJPY,H1,data.symbol=EURJPY; data.timeframe=H1; data.start=2020-01-01; validation.n_folds=3; regime.method=none; model.name=random_forest; evaluation.bootstrap_samples=300; labeling.method=meta; model.top_k_features=20; backtest.volatility_target=0.1,-0.3523,-0.04496,-0.1935,0.9861,121,0.9452,0.4842,13731,-1.6513,0.6503,0.0,1.1181,ok,55.5
holdout,HOLDOUT CADCHF H1,CADCHF,H1,data.symbol=CADCHF; data.timeframe=H1; data.start=2020-01-01; validation.n_folds=3; regime.method=none; model.name=random_forest; evaluation.bootstrap_samples=300; labeling.method=meta; model.top_k_features=20; backtest.volatility_target=0.1,-1.1109,-0.14454,-0.3527,0.9512,102,0.9647,0.49,13230,-2.4396,0.3574,0.0,-0.8026,ok,53.5
