,entry_time,exit_time,side,entry_price,exit_price,bars,return
0,2024-06-21 07:00:00,2024-06-24 07:00:00,short,1.07154,1.06908,24,0.0020302176693720586
1,2024-06-25 05:00:00,2024-06-26 08:00:00,short,1.07337,1.07094,27,0.0020124982531293245
2,2024-06-27 18:00:00,2024-06-28 18:00:00,short,1.07117,1.07175,24,-0.0008002617157746306
3,2024-06-28 22:00:00,2024-07-01 22:00:00,short,1.07108,1.07286,24,-0.0019320967421750934
4,2024-07-01 23:00:00,2024-07-08 01:00:00,short,1.07373,1.08168,98,-0.00763762309099858
5,2024-07-08 02:00:00,2024-07-09 11:00:00,short,1.08235,1.08165,33,0.00038993296148737144
6,2024-07-10 06:00:00,2024-07-11 16:00:00,short,1.08159,1.08861,34,-0.006709088405403074
7,2024-07-11 17:00:00,2024-07-16 10:00:00,short,1.08857,1.08875,65,-0.00043372792478568734
8,2024-07-16 11:00:00,2024-07-17 12:00:00,short,1.08982,1.09408,25,-0.004159259146307437
9,2024-07-17 13:00:00,2024-07-18 17:00:00,short,1.09429,1.09102,28,0.0027403572080748617
10,2024-07-22 02:00:00,2024-07-23 10:00:00,short,1.08988,1.08839,32,0.0011146387690816884
11,2024-07-24 00:00:00,2024-07-25 01:00:00,short,1.08518,1.0839,25,0.0009244078081223073
12,2024-07-25 02:00:00,2024-07-26 16:00:00,short,1.08385,1.08596,38,-0.0022016195782166292
13,2024-07-26 21:00:00,2024-07-29 21:00:00,short,1.08597,1.0824,24,0.0030395365827222687
14,2024-07-31 21:00:00,2024-08-01 21:00:00,short,1.08147,1.07906,24,0.0019716077762290674
15,2024-08-01 23:00:00,2024-08-06 13:00:00,short,1.07887,1.09105,62,-0.011495068303625566
16,2024-08-06 18:00:00,2024-08-07 18:00:00,short,1.09328,1.09309,24,-8.12062081650966e-05
17,2024-08-08 02:00:00,2024-08-09 03:00:00,short,1.09259,1.09139,25,0.000835039895366263
18,2024-08-09 05:00:00,2024-08-12 05:00:00,short,1.0917,1.09197,24,-0.0005008021495890302
19,2024-08-12 20:00:00,2024-08-13 20:00:00,short,1.09218,1.09714,24,-0.004779727279633494
20,2024-08-13 21:00:00,2024-08-16 12:00:00,short,1.09759,1.09798,63,-0.0006519441103134405
21,2024-08-16 21:00:00,2024-08-22 17:00:00,short,1.10119,1.11181,92,-0.009830552269680215
22,2024-08-23 03:00:00,2024-08-26 17:00:00,short,1.11151,1.11585,38,-0.004175553998720383
23,2024-08-26 18:00:00,2024-08-27 19:00:00,short,1.11757,1.11589,25,0.0012507012507008142
24,2024-08-27 20:00:00,2024-08-28 20:00:00,short,1.11648,1.11137,24,0.004332366794483455
25,2024-08-29 04:00:00,2024-08-30 04:00:00,short,1.11305,1.10797,24,0.0043109932058253975
26,2024-09-02 14:00:00,2024-09-03 14:00:00,short,1.10655,1.10348,24,0.0025273267600030014
27,2024-09-03 23:00:00,2024-09-04 23:00:00,short,1.10409,1.10773,24,-0.0035493088347062773
28,2024-09-05 05:00:00,2024-09-09 08:00:00,short,1.10779,1.10748,51,-1.9562512378890062e-06
29,2024-09-09 20:00:00,2024-09-10 20:00:00,short,1.1048,1.10257,24,0.0017669858786253378
30,2024-09-11 06:00:00,2024-09-12 06:00:00,short,1.10323,1.10087,24,0.001884125541503856
31,2024-09-13 07:00:00,2024-09-17 17:00:00,short,1.1086,1.11122,58,-0.0026248876514045616
32,2024-09-17 18:00:00,2024-09-18 18:00:00,short,1.11238,1.11172,24,0.00033509340056459
33,2024-09-18 20:00:00,2024-09-20 18:00:00,short,1.11235,1.11428,46,-0.002046973376002015
34,2024-09-20 19:00:00,2024-09-24 07:00:00,short,1.11579,1.11116,36,0.0038793874706666287
35,2024-09-24 14:00:00,2024-09-25 18:00:00,short,1.11272,1.11717,28,-0.004243220769743261
36,2024-09-26 08:00:00,2024-09-27 08:00:00,short,1.11406,1.11636,24,-0.002326489246979757
37,2024-09-27 17:00:00,2025-01-22 23:00:00,short,1.11838,1.04113,47,0.06870082556792734
38,2025-01-23 03:00:00,2025-01-27 08:00:00,short,1.04095,1.04619,53,-0.005315416803539308
39,2025-01-27 11:00:00,2025-01-28 11:00:00,short,1.04864,1.04241,24,0.005690841092918619
40,2025-01-30 04:00:00,2025-01-31 04:00:00,short,1.0419,1.03879,24,0.002692679396435471
41,2025-01-31 08:00:00,2025-02-03 08:00:00,short,1.03877,1.02393,24,0.013997403319719437
42,2025-02-03 15:00:00,2025-02-04 15:00:00,short,1.02567,1.03242,24,-0.0068831042322190505
43,2025-02-04 17:00:00,2025-02-06 07:00:00,short,1.03579,1.0386,38,-0.0029769778089528964
44,2025-02-06 09:00:00,2025-02-07 15:00:00,short,1.03894,1.03734,30,0.001279730827550063
45,2025-02-07 17:00:00,2025-02-10 17:00:00,short,1.03816,1.03104,24,0.006615517071024479
46,2025-02-11 05:00:00,2025-02-12 16:00:00,short,1.02921,1.03319,35,-0.0041272386280203355
47,2025-02-12 17:00:00,2025-02-17 12:00:00,short,1.03493,1.0473,67,-0.01214794102579475
48,2025-02-17 13:00:00,2025-02-18 13:00:00,short,1.0488,1.04615,24,0.002277296944060314
49,2025-02-19 22:00:00,2025-02-21 12:00:00,short,1.04249,1.04686,38,-0.004446046817044191
50,2025-02-21 16:00:00,2025-02-24 16:00:00,short,1.04743,1.04659,24,0.0005255838241615685
51,2025-02-24 19:00:00,2025-02-26 04:00:00,short,1.04768,1.05145,33,-0.0038449484204233775
52,2025-02-26 05:00:00,2025-02-27 05:00:00,short,1.05056,1.04703,24,0.0031063555928563247
53,2025-02-27 13:00:00,2025-02-28 18:00:00,short,1.04806,1.03991,29,0.007548157740288497
54,2025-02-28 20:00:00,2025-03-12 15:00:00,short,1.03955,1.08772,188,-0.044791152614158114
55,2025-03-12 17:00:00,2025-03-13 17:00:00,short,1.09118,1.08641,24,0.004114576757461075
56,2025-03-14 11:00:00,2025-03-17 15:00:00,short,1.0853,1.09009,28,-0.0046679615910327765
57,2025-03-17 16:00:00,2025-03-18 21:00:00,short,1.09039,1.09431,29,-0.0038488374517183788
58,2025-03-18 22:00:00,2025-03-19 22:00:00,short,1.09455,1.08973,24,0.004137977153636285
59,2025-03-20 18:00:00,2025-03-21 18:00:00,short,1.08464,1.08055,24,0.0035209604556787344
60,2025-03-21 19:00:00,2025-03-24 19:00:00,short,1.08172,1.0791,24,0.0021562989936907417
61,2025-03-26 19:00:00,2025-03-27 20:00:00,short,1.07867,1.07888,25,-0.00046526254531276123
62,2025-03-27 21:00:00,2025-03-31 16:00:00,short,1.07901,1.08027,42,-0.0014360118226286467
63,2025-03-31 22:00:00,2025-04-01 22:00:00,short,1.08139,1.07861,24,0.0023094062487920564
64,2025-04-01 23:00:00,2025-04-02 23:00:00,short,1.0789,1.08488,24,-0.005779055220794027
65,2025-04-03 01:00:00,2025-04-04 13:00:00,short,1.08246,1.09838,36,-0.014949265905070841
66,2025-04-04 14:00:00,2025-04-07 14:00:00,short,1.10297,1.09577,24,0.006153103669247262
67,2025-04-08 04:00:00,2025-04-09 21:00:00,short,1.09389,1.09746,41,-0.0036587975557962338
68,2025-04-10 11:00:00,2025-04-15 15:00:00,short,1.10254,1.13256,76,-0.027132344756610638
69,2025-04-16 04:00:00,2025-04-17 15:00:00,short,1.13159,1.13555,35,-0.003781748218602554
70,2025-04-17 17:00:00,2025-04-22 15:00:00,short,1.13607,1.1485,70,-0.011167276101517465
71,2025-04-23 12:00:00,2025-04-24 12:00:00,short,1.1412,1.13796,24,0.002530336312931425
72,2025-04-25 19:00:00,2025-04-29 08:00:00,short,1.13795,1.13772,37,-9.108883208430729e-05
73,2025-04-29 09:00:00,2025-04-30 09:00:00,short,1.13859,1.13818,24,8.123635304024823e-05
74,2025-05-01 11:00:00,2025-08-21 10:00:00,short,1.13091,1.1629,39,-0.028711196415687312
75,2025-08-21 10:00:00,2025-08-22 15:00:00,long,1.1629,1.16035,29,-0.0026905119279381218
76,2025-08-22 15:00:00,2025-08-25 15:00:00,short,1.16035,1.17018,24,-0.009012735919091797
77,2025-08-25 16:00:00,2025-08-27 03:00:00,short,1.16987,1.16361,35,0.005094030690548257
78,2025-08-27 03:00:00,2025-08-28 03:00:00,long,1.16361,1.16466,24,0.00040189580810090497
79,2025-08-28 03:00:00,2025-08-29 16:00:00,short,1.16466,1.16578,37,-0.0014724184281476038
80,2025-08-29 16:00:00,2025-09-01 16:00:00,long,1.16578,1.17063,24,0.003658616151048788
81,2025-09-01 16:00:00,2025-09-02 23:00:00,short,1.17063,1.16404,31,0.005111062452270332
82,2025-09-03 01:00:00,2025-09-04 08:00:00,short,1.16382,1.16507,31,-0.0013332486409085575
83,2025-09-04 08:00:00,2025-09-05 08:00:00,long,1.16507,1.16661,24,0.0008213070336748896
84,2025-09-05 08:00:00,2025-09-09 15:00:00,short,1.16661,1.17412,55,-0.006940489807963357
85,2025-09-09 15:00:00,2025-09-10 17:00:00,long,1.17412,1.17189,26,-0.0023985492472136105
86,2025-09-10 17:00:00,2025-09-12 12:00:00,short,1.17189,1.17162,43,-0.0002930720662993602
87,2025-09-12 12:00:00,2025-09-15 12:00:00,long,1.17162,1.17359,24,0.0011808054774871124
88,2025-09-15 12:00:00,2025-09-17 23:00:00,short,1.17359,1.18235,59,-0.007937467628147843
89,2025-09-17 23:00:00,2025-09-22 10:00:00,long,1.18235,1.17428,59,-0.0073224819302077915
90,2025-09-22 10:00:00,2025-09-24 10:00:00,short,1.17428,1.17864,48,-0.00421181940502624
91,2025-09-24 10:00:00,2025-09-25 10:00:00,long,1.17864,1.17448,24,-0.004027680376736176
92,2025-09-25 10:00:00,2025-09-26 14:00:00,short,1.17448,1.16622,28,0.006555343797669533
93,2025-09-26 14:00:00,2025-09-29 14:00:00,long,1.16622,1.17189,24,0.004359624261898842
94,2025-09-29 14:00:00,2025-10-01 14:00:00,short,1.17189,1.17244,48,-0.0009999288602680068
95,2025-10-01 14:00:00,2025-10-02 14:00:00,long,1.17244,1.17512,24,0.0017850684716316234
96,2025-10-02 14:00:00,2025-10-06 02:00:00,short,1.17512,1.17152,36,0.0025555511019053068
97,2025-10-06 02:00:00,2025-10-07 02:00:00,long,1.17152,1.17088,24,-0.001046196359442364
98,2025-10-07 02:00:00,2025-10-08 02:00:00,short,1.17088,1.16583,24,0.003821907660835011
99,2025-10-08 02:00:00,2025-10-09 02:00:00,long,1.16583,1.16328,24,-0.0026864632711887104
100,2025-10-09 02:00:00,2025-10-10 05:00:00,short,1.16328,1.1562,27,0.005601617947989634
101,2025-10-10 05:00:00,2025-10-13 05:00:00,long,1.1562,1.16191,24,0.004436413647687321
102,2025-10-13 05:00:00,2025-10-14 11:00:00,short,1.16191,1.15479,30,0.005644994430531014
103,2025-10-14 11:00:00,2025-10-15 11:00:00,long,1.15479,1.16348,24,0.007021855363830598
104,2025-10-15 11:00:00,2025-10-17 16:00:00,short,1.16348,1.16755,53,-0.004007134072446128
105,2025-10-17 16:00:00,2025-10-21 04:00:00,long,1.16755,1.16521,36,-0.002503447010929527
106,2025-10-21 04:00:00,2025-10-22 04:00:00,short,1.16521,1.16037,24,0.0036628176821293934
107,2025-10-22 04:00:00,2025-10-23 04:00:00,long,1.16037,1.16033,24,-0.0005344459099401178
108,2025-10-23 04:00:00,2025-10-28 16:00:00,short,1.16033,1.16383,85,-0.003525236535798393
109,2025-10-28 16:00:00,2025-10-29 16:00:00,long,1.16383,1.16357,24,-0.0007223711387897014
110,2025-10-29 16:00:00,2025-10-31 09:00:00,short,1.16357,1.15603,41,0.005968875037536847
111,2025-10-31 09:00:00,2025-11-03 10:00:00,long,1.15603,1.15388,24,-0.0023587280526444765
112,2025-11-03 10:00:00,2025-11-04 10:00:00,short,1.15388,1.15261,24,0.0005926519135599495
113,2025-11-04 10:00:00,2025-11-05 11:00:00,long,1.15261,1.14877,25,-0.0038304704632324826
114,2025-11-05 11:00:00,2025-11-10 18:00:00,short,1.14877,1.15443,79,-0.005429895128865936
115,2025-11-10 18:00:00,2025-11-11 18:00:00,long,1.15443,1.15939,24,0.003794335695417761
116,2025-11-11 18:00:00,2025-11-13 10:00:00,short,1.15939,1.16105,40,-0.0019426592622925343
117,2025-11-13 10:00:00,2025-11-14 10:00:00,long,1.16105,1.16319,24,0.0013429484928997315
118,2025-11-14 10:00:00,2025-11-17 11:00:00,short,1.16319,1.16021,25,0.0020504004541745946
119,2025-11-17 11:00:00,2025-11-18 11:00:00,long,1.16021,1.15909,24,-0.0014649330124635318
120,2025-11-18 11:00:00,2025-11-19 11:00:00,short,1.15909,1.15726,24,0.0010746499911413743
121,2025-11-19 11:00:00,2025-11-20 16:00:00,long,1.15726,1.15267,29,-0.004464294921532663
122,2025-11-20 16:00:00,2025-11-21 16:00:00,short,1.15267,1.15197,24,9.711292730352206e-05
123,2025-11-21 16:00:00,2025-11-24 16:00:00,long,1.15197,1.15375,24,0.0010441107611398603
124,2025-11-24 16:00:00,2025-11-26 16:00:00,short,1.15375,1.15514,48,-0.0017298269123199317
125,2025-11-26 16:00:00,2025-11-27 16:00:00,long,1.15514,1.1594,24,0.0031871650596315693
126,2025-11-27 16:00:00,2025-11-28 16:00:00,short,1.1594,1.15738,24,0.0012396682286412997
127,2025-11-28 16:00:00,2025-11-28 22:00:00,long,1.15738,1.16013,7,0.0018752922538238792
